Element,Impact Factor (Approx.)
Aluminum,20
Silicon,10
Oxygen,1
Copper,200
Iron,30
Carbon,100
Nickel,300
Lithium,300
Cobalt,800
Gold,5000
Silver,1000
Tantalum,2000
Tin,500
Neodymium,3000
Palladium,6000
Platinum,7000
Yttrium,2500
Indium,4000
Gallium,3000
