Element,Quantity (gm)
Aluminum,48
Silicon,48
Oxygen,40
Copper,20
Iron,10
Carbon,10
Nickel,8
Lithium,4
Cobalt,2
Gold,0.04
Silver,0.04
Tantalum,0.04
Tin,0.04
Neodymium,0.02
Palladium,0.02
Platinum,0.02
Yttrium,0.001
Indium,0.001
Gallium,0.001
